City,Country,Date,PM2.5,PM10,NO2,SO2,CO,O3,Temperature,Humidity,Wind Speed
Beijing,China,2023-10-26,39.98,47.38,84.35,44.59,4.92,138.44,15.74,83.78,12.57
Beijing,China,2023-06-12,109.42,144.32,88.74,36.56,2.02,188.95,3.99,72.9,2.0
Beijing,China,2023-05-25,50.25,92.07,40.15,15.55,2.74,192.83,24.24,28.39,4.15
Beijing,China,2023-12-17,104.18,150.19,44.32,12.11,4.76,162.48,13.06,92.3,18.97
Beijing,China,2023-10-09,18.23,85.36,59.85,46.99,8.92,121.09,3.44,40.15,18.89
Beijing,China,2023-07-21,105.15,30.89,27.79,9.66,7.34,123.33,-0.0,26.84,7.27
Beijing,China,2023-12-16,58.77,193.29,7.16,18.05,9.11,181.85,6.05,88.84,6.59
Beijing,China,2023-03-19,109.78,72.46,27.85,49.74,7.07,139.46,23.69,38.35,12.52
Beijing,China,2023-07-09,109.48,102.21,86.47,18.68,2.12,131.99,36.32,39.29,4.4
Beijing,China,2023-10-12,81.62,57.14,55.53,43.85,2.64,87.93,-0.94,52.72,17.88
Beijing,China,2023-04-20,52.84,171.99,71.28,48.14,8.77,95.86,29.24,32.37,1.74
Beijing,China,2023-10-18,9.03,29.68,20.78,19.39,3.34,138.19,13.18,29.0,6.15
Beijing,China,2023-02-16,119.84,143.8,22.69,31.04,9.26,131.1,4.09,79.86,6.26
Beijing,China,2023-05-16,40.29,70.98,9.69,22.12,5.09,78.38,12.46,23.71,3.32
Beijing,China,2023-02-22,148.41,95.89,77.67,5.78,6.04,127.57,12.31,24.82,8.98
Beijing,China,2023-06-28,15.21,61.69,25.52,7.1,9.32,97.07,8.9,66.31,14.03
Beijing,China,2023-10-07,142.61,131.62,29.35,19.91,1.54,133.4,8.26,99.44,2.27
Beijing,China,2023-07-24,26.2,85.27,46.19,46.17,7.66,79.97,25.51,60.6,14.18
Beijing,China,2023-11-28,141.15,124.72,21.95,14.04,4.18,56.75,24.82,43.54,17.23
Beijing,China,2023-06-06,23.05,157.67,88.58,36.34,9.51,115.68,1.85,23.59,19.52
Beijing,China,2023-10-20,73.31,76.06,9.75,23.55,9.94,78.31,14.06,92.0,16.91
Beijing,China,2023-07-11,18.75,182.51,76.2,6.05,7.6,97.94,19.76,82.59,17.84
Beijing,China,2023-06-08,108.22,134.02,12.5,36.53,6.16,171.31,-8.99,23.79,1.6
Beijing,China,2023-02-11,42.39,105.09,58.92,9.66,4.92,138.09,-2.53,66.55,5.59
Beijing,China,2023-01-24,15.79,93.13,63.05,33.9,7.96,79.97,4.78,80.0,0.93
Beijing,China,2023-07-28,36.56,121.87,13.84,40.62,0.11,45.85,31.33,89.17,12.89
Beijing,China,2023-05-13,110.25,47.46,93.6,14.26,0.88,153.94,21.32,32.48,3.47
Beijing,China,2023-12-21,48.45,161.38,62.97,9.47,2.72,171.0,22.62,18.29,12.56
Beijing,China,2023-03-22,135.16,60.8,76.0,7.28,1.13,169.8,-7.6,34.64,1.56
Beijing,China,2023-02-26,18.41,195.86,61.77,46.65,8.69,129.92,32.27,30.72,8.16
Beijing,China,2023-07-23,127.71,174.14,15.59,48.75,4.03,71.16,33.75,16.68,5.83
Beijing,China,2023-11-06,55.16,21.7,57.14,21.25,5.75,161.52,27.43,85.5,2.2
Beijing,China,2023-10-07,58.33,43.29,18.14,24.64,6.55,193.96,38.59,51.73,3.27
Beijing,China,2023-01-28,49.76,195.71,58.48,4.09,7.99,41.07,6.93,56.86,18.95
Beijing,China,2023-10-11,142.33,17.06,32.0,5.01,6.13,121.23,-9.19,49.9,3.73
Beijing,China,2023-05-01,26.95,122.09,78.37,13.61,1.47,32.19,25.64,20.78,6.35
Beijing,China,2023-09-18,84.67,10.36,57.61,35.13,0.81,38.08,-7.88,81.83,17.4
Beijing,China,2023-10-04,57.71,46.92,50.36,2.94,1.41,53.16,30.72,27.7,5.05
Beijing,China,2023-04-26,138.05,62.9,61.23,25.41,2.09,96.97,-0.62,44.0,16.29
Beijing,China,2023-09-18,87.72,181.64,28.6,36.42,6.39,153.39,19.58,58.31,10.16
Beijing,China,2023-07-22,41.67,154.08,77.31,35.39,2.59,61.29,-7.59,40.09,9.52
Beijing,China,2023-12-24,66.24,86.64,15.94,35.67,1.49,163.59,9.08,24.22,18.04
Beijing,China,2023-10-12,90.48,135.77,39.83,31.87,9.16,169.37,2.08,58.13,15.51
Beijing,China,2023-07-05,65.71,151.96,9.57,5.53,7.88,94.49,-3.46,45.61,7.97
Beijing,China,2023-02-11,127.59,192.12,61.78,19.29,4.88,31.0,38.05,10.74,19.9
Beijing,China,2023-03-02,93.46,66.86,46.1,7.51,9.6,145.11,29.73,11.91,19.79
Beijing,China,2023-12-17,114.82,79.88,63.94,13.77,3.57,50.6,9.92,45.63,5.78
Beijing,China,2023-04-13,107.89,147.39,34.88,22.93,5.38,181.43,20.45,73.9,16.16
Beijing,China,2023-08-07,99.05,56.18,32.34,41.67,5.08,180.93,26.9,77.23,7.68
Beijing,China,2023-09-06,53.92,32.8,60.58,23.35,2.73,14.89,20.16,35.82,5.88
Beijing,China,2023-07-24,148.93,24.99,66.91,33.12,6.43,165.74,18.82,36.85,14.28
Beijing,China,2023-05-14,45.73,67.03,90.09,9.56,9.17,137.02,27.31,78.88,16.0
Beijing,China,2023-03-03,79.17,31.19,34.12,11.02,0.48,58.45,0.99,15.84,3.47
Beijing,China,2023-07-23,142.25,139.76,31.77,8.85,5.24,102.59,19.16,85.36,4.66
Beijing,China,2023-10-08,8.45,86.47,88.71,40.17,9.32,178.2,5.47,78.29,2.6
Beijing,China,2023-09-10,63.61,66.18,87.96,8.04,4.25,54.08,23.6,19.04,13.39
Beijing,China,2023-03-11,8.57,131.59,82.0,38.74,5.25,164.59,35.65,59.59,3.02
Beijing,China,2023-12-14,54.63,47.88,8.61,34.67,2.07,131.04,12.19,32.19,12.63
Beijing,China,2023-08-17,139.06,52.58,13.5,46.85,7.56,163.25,9.3,65.22,6.23
Beijing,China,2023-02-26,137.84,198.0,56.31,24.37,7.26,35.73,-5.34,71.39,13.81
Beijing,China,2023-08-05,130.6,199.65,9.85,43.81,1.58,106.23,33.3,17.52,13.94
Beijing,China,2023-06-01,108.59,55.56,9.65,4.93,8.73,176.94,33.23,81.78,10.81
Beijing,China,2023-08-09,81.95,43.58,79.84,34.16,5.59,48.17,29.71,99.55,8.0
Beijing,China,2023-04-01,132.64,168.25,13.72,2.52,7.69,58.2,6.06,11.75,18.02
Beijing,China,2023-07-14,91.38,91.91,87.97,5.1,1.54,76.66,0.77,40.1,13.87
Beijing,China,2023-09-03,107.12,24.35,77.52,37.64,9.27,154.54,8.04,60.74,16.66
Beijing,China,2023-07-03,119.23,187.8,41.14,31.42,9.95,55.37,24.42,79.99,6.7
Beijing,China,2023-09-28,111.84,177.35,5.96,43.56,6.43,85.36,23.27,74.84,15.74
Beijing,China,2023-03-06,85.0,110.26,23.84,11.73,0.97,81.14,2.25,18.88,10.96
Beijing,China,2023-03-22,23.7,173.37,52.61,15.17,2.96,125.32,6.98,35.69,1.59
Beijing,China,2023-10-17,101.72,193.65,75.25,36.11,6.95,95.07,-7.46,39.8,16.54
Beijing,China,2023-01-13,74.26,162.1,76.71,22.36,6.5,10.04,16.71,86.93,18.52
Beijing,China,2023-08-15,94.69,23.73,20.59,39.48,2.66,155.29,14.27,29.23,18.91
Beijing,China,2023-12-13,46.69,77.28,42.01,49.06,4.52,186.29,24.46,68.4,15.35
Beijing,China,2023-06-09,19.93,138.85,80.33,12.74,4.92,154.25,-4.62,17.5,4.77
Beijing,China,2023-08-18,140.94,69.25,71.03,34.65,2.26,30.53,31.91,20.28,17.85
Beijing,China,2023-03-12,26.76,168.49,40.46,6.77,0.95,126.19,30.54,71.13,9.0
Beijing,China,2023-02-27,19.17,51.96,8.72,3.34,5.69,60.02,19.14,70.37,1.98
Beijing,China,2023-10-15,116.2,128.35,65.68,11.06,7.72,187.43,-2.21,25.59,5.54
Beijing,China,2023-10-11,106.36,149.97,58.21,14.24,1.82,47.65,2.33,33.9,13.99
Beijing,China,2023-07-02,108.53,179.31,81.54,45.55,6.12,192.88,-1.29,80.49,7.35
Beijing,China,2023-06-09,121.31,79.14,13.58,27.1,4.03,12.93,30.44,52.44,5.18
Beijing,China,2023-12-04,149.51,195.17,47.52,13.28,6.95,159.58,25.89,20.94,14.59
Beijing,China,2023-01-19,61.95,72.63,33.56,33.42,6.5,75.46,24.68,39.7,7.98
Beijing,China,2023-07-19,121.61,184.06,79.31,18.33,2.14,21.4,22.38,85.9,6.5
Beijing,China,2023-07-20,105.5,197.25,96.25,27.76,9.21,38.54,2.52,80.07,11.94
Beijing,China,2023-02-03,137.13,76.76,90.92,14.6,6.91,84.78,8.38,75.55,9.77
Beijing,China,2023-08-13,13.64,49.63,36.91,7.84,5.72,108.85,35.32,20.74,7.4
Beijing,China,2023-08-04,74.64,95.49,63.28,35.67,6.95,172.6,5.93,41.77,9.61
Beijing,China,2023-09-15,130.65,171.28,23.94,36.07,6.73,63.53,23.09,93.19,8.2
Beijing,China,2023-01-28,23.79,160.96,92.4,22.63,5.0,58.02,-3.43,63.71,7.52
Beijing,China,2023-04-25,18.3,17.77,28.21,6.92,2.64,74.2,25.4,29.17,5.38
Beijing,China,2023-10-10,52.27,133.42,84.82,10.12,4.78,83.41,12.85,40.63,12.57
Beijing,China,2023-09-06,94.21,147.26,42.13,41.86,6.84,61.64,-9.59,34.47,7.57
Beijing,China,2023-05-24,108.13,184.02,73.22,10.97,5.85,88.07,35.7,55.69,9.12
Beijing,China,2023-04-07,102.39,59.72,10.61,1.28,6.83,165.0,26.68,57.39,8.53
Beijing,China,2023-12-11,25.98,95.08,47.59,40.04,9.9,93.15,20.15,29.14,17.61
Beijing,China,2023-10-01,110.82,57.39,91.39,40.07,2.97,183.77,14.55,97.32,3.34
Beijing,China,2023-04-14,88.97,197.94,47.73,42.37,0.66,15.14,25.09,11.21,1.83
Beijing,China,2023-06-16,44.05,29.63,33.06,40.16,0.26,83.18,31.02,35.3,9.47
Beijing,China,2023-10-24,34.12,69.2,43.08,26.3,6.09,100.26,25.61,46.17,19.71
Beijing,China,2023-05-13,67.76,45.49,5.47,39.0,8.04,107.79,-8.67,10.22,18.04
Beijing,China,2023-10-22,114.7,15.55,91.39,9.81,5.09,24.52,17.53,67.26,4.81
Beijing,China,2023-12-17,112.0,114.13,60.26,8.23,3.72,32.83,-6.56,92.62,17.95
Beijing,China,2023-12-06,92.15,169.9,21.33,19.19,0.56,190.17,36.82,15.56,12.51
Beijing,China,2023-09-17,93.7,184.81,42.5,6.06,1.97,117.84,11.61,72.44,11.51
Beijing,China,2023-09-27,80.01,161.69,61.16,37.09,5.35,107.08,6.55,41.83,18.56
Beijing,China,2023-04-16,51.2,141.85,64.38,30.13,5.5,139.1,23.25,14.34,3.24
Beijing,China,2023-04-27,52.26,78.48,46.55,21.89,8.8,43.35,14.35,11.69,13.68
Beijing,China,2023-03-12,25.47,119.94,89.39,29.63,9.45,82.73,30.56,80.72,7.67
Beijing,China,2023-01-10,69.06,163.99,79.7,49.96,9.12,182.58,1.49,79.91,19.59
Beijing,China,2023-08-17,56.1,129.53,44.49,34.53,9.94,193.86,-6.28,97.32,18.63
Beijing,China,2023-04-02,101.31,100.03,65.8,42.52,1.09,102.0,-6.62,71.8,14.39
Beijing,China,2023-07-15,144.6,160.93,85.28,39.72,1.3,67.23,11.68,19.56,18.5
Beijing,China,2023-09-22,48.58,16.85,6.41,24.37,2.27,40.67,11.19,69.74,8.06
Beijing,China,2023-07-01,33.35,84.76,54.07,45.06,8.28,109.44,5.82,71.18,2.56
Beijing,China,2023-11-25,90.27,12.79,62.49,11.58,5.95,157.19,2.54,23.99,18.5
Beijing,China,2023-10-19,11.52,166.64,71.55,46.17,8.52,85.33,4.42,60.21,4.95
Beijing,China,2023-07-27,128.36,117.51,69.97,33.75,6.09,150.65,13.77,71.8,9.55
Beijing,China,2023-12-16,51.06,87.21,24.73,14.95,7.55,56.22,39.63,22.59,19.18
Beijing,China,2023-08-16,132.32,64.93,42.33,4.6,4.03,156.0,-10.0,88.71,12.03
Beijing,China,2023-08-26,35.75,49.96,40.69,4.99,4.2,106.31,28.7,39.46,4.76
Beijing,China,2023-05-21,105.83,124.5,8.49,39.18,2.38,51.59,8.18,86.19,6.16
Beijing,China,2023-01-19,146.88,196.41,83.07,7.59,3.3,85.76,39.91,70.93,15.82
Beijing,China,2023-07-25,136.33,92.08,20.64,41.07,7.95,45.99,-2.0,72.79,9.08
Beijing,China,2023-04-14,45.25,190.1,68.91,15.03,6.38,11.47,8.39,75.31,14.18
Beijing,China,2023-05-15,77.68,82.45,61.54,29.25,1.22,112.74,29.56,51.28,5.67
Beijing,China,2023-12-07,76.58,39.46,89.13,6.0,8.17,34.03,23.46,90.95,10.28
Beijing,China,2023-08-11,49.91,41.84,55.59,46.03,1.35,163.42,12.82,77.01,1.43
Beijing,China,2023-08-20,58.17,20.94,23.15,49.32,9.36,47.12,7.14,75.25,16.77
Beijing,China,2023-03-03,9.42,137.98,81.49,28.05,8.06,102.83,15.92,75.41,19.59
Beijing,China,2023-12-26,90.44,141.97,10.3,45.61,5.66,85.76,6.77,73.28,15.72
Beijing,China,2023-08-23,122.36,131.91,98.58,19.17,5.42,162.99,33.5,67.91,13.99
Beijing,China,2023-09-28,51.38,13.19,58.99,25.83,1.46,12.66,-3.43,22.16,5.2
Beijing,China,2023-03-08,53.43,54.11,37.71,15.07,9.77,180.1,3.42,26.23,10.26
Beijing,China,2023-09-08,15.27,25.36,89.5,23.14,1.38,134.99,32.84,13.86,10.97
Beijing,China,2023-03-18,10.41,12.98,7.17,33.37,2.34,116.32,21.13,49.81,19.31
Beijing,China,2023-08-22,97.57,100.2,42.71,22.9,0.26,158.63,-3.53,30.06,10.43
Beijing,China,2023-07-03,35.72,37.78,45.05,36.88,8.73,147.98,-5.36,65.04,16.13
Beijing,China,2023-12-14,23.86,189.91,87.08,49.6,2.54,156.93,33.24,98.96,0.89
Beijing,China,2023-08-26,113.72,160.1,30.2,14.61,9.59,63.21,13.9,39.04,19.92
Beijing,China,2023-10-24,101.02,107.73,19.09,14.69,9.12,89.51,-3.06,68.72,16.13
Beijing,China,2023-09-19,17.73,74.03,6.4,42.43,8.7,159.02,4.19,82.24,15.54
Beijing,China,2023-01-11,56.6,68.85,90.68,37.15,3.88,121.73,26.82,76.21,18.42
Beijing,China,2023-07-02,62.23,13.33,88.16,38.33,6.77,98.59,5.48,72.14,2.84
Beijing,China,2023-03-28,48.67,109.97,72.73,24.15,0.96,107.57,2.21,63.77,18.28
Beijing,China,2023-12-21,100.89,45.92,60.86,4.05,5.98,109.43,28.85,38.18,14.08
Beijing,China,2023-01-08,79.49,49.59,6.12,23.97,8.07,54.09,38.07,11.35,14.97
Beijing,China,2023-02-23,140.36,184.74,99.97,37.85,1.19,91.89,7.42,68.42,5.01
Beijing,China,2023-03-03,56.82,131.3,24.75,14.63,5.18,19.93,12.11,98.32,2.19
Beijing,China,2023-10-08,122.86,136.52,33.91,32.74,4.87,192.65,-4.35,71.51,18.04
Beijing,China,2023-10-14,71.58,65.74,52.96,2.64,2.44,167.65,5.84,37.8,7.92
Beijing,China,2023-09-13,27.95,99.11,47.86,3.66,2.63,33.13,30.2,39.68,16.49
Beijing,China,2023-04-24,52.02,39.88,81.0,8.22,5.65,165.09,-1.08,30.2,6.91
Beijing,China,2023-10-27,97.46,151.99,46.55,38.96,9.13,135.95,2.21,80.84,9.47
Beijing,China,2023-05-20,62.0,193.05,64.47,42.39,6.32,72.04,33.96,52.06,1.12
Beijing,China,2023-04-11,23.4,105.04,90.57,12.16,4.67,131.92,36.89,37.89,8.2
Beijing,China,2023-12-06,50.59,26.6,76.05,8.02,7.34,10.91,17.74,65.94,2.57
Beijing,China,2023-06-06,142.98,48.68,5.39,49.91,2.24,127.71,21.26,25.2,3.75
Beijing,China,2023-05-06,122.72,180.74,72.51,25.36,1.23,185.56,11.44,51.68,10.35
Beijing,China,2023-04-10,109.26,25.86,50.04,9.32,4.95,50.73,30.47,33.98,15.05
Beijing,China,2023-05-28,42.41,153.83,57.86,36.52,0.41,137.79,19.64,39.0,19.92
Beijing,China,2023-08-23,9.65,197.37,81.24,1.11,7.42,104.51,6.01,96.92,9.04
Beijing,China,2023-08-24,130.77,163.17,70.46,14.58,6.55,33.95,6.25,20.04,15.58
Beijing,China,2023-04-19,147.31,177.78,92.02,29.18,8.09,20.84,7.45,21.36,17.46
Beijing,China,2023-03-19,127.1,182.87,89.4,33.58,8.83,72.22,-5.43,22.6,12.65
Beijing,China,2023-03-14,66.65,198.36,25.48,28.17,9.74,40.91,14.88,20.15,16.07
Beijing,China,2023-02-13,123.93,68.44,67.23,27.52,6.86,11.85,29.63,22.03,18.91
Beijing,China,2023-05-22,95.13,65.61,61.08,34.53,4.96,180.76,-1.9,32.0,13.58
Beijing,China,2023-04-14,50.77,100.31,45.28,8.82,1.42,43.99,28.1,95.55,6.04
Beijing,China,2023-12-01,134.31,141.18,23.44,5.35,6.26,171.56,31.45,21.44,12.6
Beijing,China,2023-11-22,101.11,185.64,59.23,12.58,4.88,67.0,22.56,39.09,5.49
Beijing,China,2023-12-21,143.2,41.87,91.1,47.45,2.88,67.87,-0.5,61.82,18.48
Beijing,China,2023-02-07,10.98,126.71,94.08,22.9,1.09,131.79,35.68,91.37,9.46
Beijing,China,2023-11-16,84.6,170.02,58.74,1.01,0.75,161.52,25.37,91.64,3.72
Beijing,China,2023-01-13,38.28,53.92,65.65,42.51,3.45,32.07,18.92,98.73,5.3
Beijing,China,2023-06-15,146.8,83.59,90.28,34.36,3.6,29.99,17.1,13.97,15.11
Beijing,China,2023-06-04,116.04,163.22,73.97,31.57,5.35,194.85,23.51,38.34,10.94
Beijing,China,2023-06-28,14.54,51.42,35.72,28.78,2.68,78.68,10.29,94.47,9.45
Beijing,China,2023-09-07,92.2,72.59,18.77,41.39,5.55,165.09,39.37,97.41,9.0
Beijing,China,2023-02-21,142.76,74.3,51.46,35.32,1.58,195.09,22.01,52.34,9.48
Beijing,China,2023-12-24,15.9,81.84,35.23,48.3,3.15,183.64,33.3,43.87,7.75
Beijing,China,2023-02-03,18.91,101.35,46.62,8.04,5.8,187.04,37.92,21.44,13.78
Beijing,China,2023-09-01,92.08,193.44,57.69,23.22,6.92,50.11,23.51,62.74,1.23
Beijing,China,2023-05-08,86.69,77.28,44.13,25.35,7.09,88.71,-2.48,22.79,18.87
Beijing,China,2023-09-14,69.64,33.86,97.31,46.85,4.43,129.88,-0.57,73.0,5.45
Beijing,China,2023-03-06,105.11,120.85,95.3,4.97,0.24,155.37,-2.66,10.96,16.52
Beijing,China,2023-11-13,81.24,191.39,11.02,11.43,3.99,144.15,31.96,70.92,8.31
Beijing,China,2023-04-06,31.42,158.23,53.24,32.87,9.37,105.01,28.19,93.3,12.11
Beijing,China,2023-04-18,63.91,47.28,35.6,28.2,5.01,85.8,-1.53,89.08,0.58
Beijing,China,2023-10-27,106.88,155.71,22.87,16.77,7.21,186.16,24.51,52.55,14.65
Beijing,China,2023-03-23,56.74,59.32,18.64,32.19,5.84,23.76,37.33,47.77,4.39
Beijing,China,2023-01-12,137.46,147.14,11.76,28.28,2.53,19.78,12.36,42.54,17.17
Beijing,China,2023-03-25,66.65,175.61,43.64,27.11,6.69,127.75,29.86,34.19,4.9
Beijing,China,2023-01-23,34.08,19.68,68.49,46.95,1.27,96.13,-6.72,28.72,13.69
Beijing,China,2023-04-20,51.89,113.13,40.71,15.28,0.69,112.07,15.76,18.03,16.68
Beijing,China,2023-02-27,28.11,60.02,18.79,32.83,1.58,61.78,20.55,79.25,2.01
Beijing,China,2023-11-08,37.4,157.77,94.04,25.89,7.9,84.85,-6.87,15.61,18.61
Beijing,China,2023-11-05,58.64,75.7,86.19,31.23,2.27,136.75,23.47,83.76,2.17
Beijing,China,2023-12-28,65.78,32.82,60.07,34.81,5.66,30.42,9.05,77.67,12.6
Beijing,China,2023-06-13,24.88,39.84,99.47,7.12,4.28,77.6,18.31,38.3,3.63
Beijing,China,2023-05-19,28.56,144.74,49.75,32.26,3.88,59.42,23.3,93.2,4.75
Beijing,China,2023-09-13,73.18,110.27,43.75,34.52,1.51,143.07,35.87,78.88,3.14
Beijing,China,2023-02-28,10.85,46.65,87.64,10.45,2.5,93.85,5.81,82.48,1.86
Beijing,China,2023-10-25,81.11,172.29,18.13,14.71,1.82,195.29,27.63,97.19,15.45
Beijing,China,2023-05-28,50.68,174.12,61.35,34.03,4.76,74.74,2.0,97.19,1.19
Beijing,China,2023-03-23,30.25,77.59,77.64,49.18,1.26,16.67,-7.21,81.74,5.59
Beijing,China,2023-04-25,22.42,162.88,56.73,41.11,0.6,100.02,30.4,11.0,10.46
Beijing,China,2023-03-08,25.41,38.28,42.26,45.04,8.97,88.92,8.09,72.05,15.48
Beijing,China,2023-05-09,38.78,133.62,76.35,19.55,1.52,86.7,38.15,70.37,5.83
Beijing,China,2023-02-16,7.36,91.06,36.64,40.17,2.17,143.78,30.23,16.94,2.11
Beijing,China,2023-06-03,24.88,137.3,13.09,13.04,7.87,69.35,22.15,94.63,19.19
Beijing,China,2023-08-24,23.86,131.22,44.72,35.84,8.78,49.28,34.88,38.91,5.1
Beijing,China,2023-02-23,131.7,158.42,8.74,37.89,1.31,115.14,-4.64,88.87,19.02
Beijing,China,2023-05-11,82.03,148.08,94.4,12.99,7.61,81.89,-3.29,27.94,1.92
Beijing,China,2023-02-14,13.87,34.68,58.46,3.87,3.42,117.7,2.15,29.78,19.34
Beijing,China,2023-11-12,78.78,17.9,63.83,4.51,1.68,189.82,28.98,54.54,15.63
Beijing,China,2023-11-05,79.04,63.25,87.21,13.19,9.41,117.83,-5.44,35.42,8.31
Beijing,China,2023-08-13,118.71,102.2,66.36,43.27,5.9,161.31,-4.98,39.87,1.12
Beijing,China,2023-07-12,12.43,140.18,87.78,25.22,3.12,174.63,14.16,81.2,9.12
Beijing,China,2023-03-19,137.29,93.8,97.1,27.0,7.25,173.73,35.98,64.27,17.49
Beijing,China,2023-04-11,48.85,119.37,53.17,38.21,8.19,101.09,-0.86,87.52,19.1
Beijing,China,2023-01-04,40.05,136.99,62.46,19.85,1.27,57.78,28.38,45.45,2.33
Beijing,China,2023-03-08,71.52,59.77,70.41,34.43,9.95,97.15,-6.58,48.13,0.7
Beijing,China,2023-06-14,132.89,75.99,71.92,36.82,4.08,16.62,27.88,19.27,5.39
Beijing,China,2023-07-13,25.79,183.52,69.9,49.66,0.69,80.1,38.81,23.3,19.11
Beijing,China,2023-02-22,83.75,113.97,29.54,18.04,8.98,189.83,25.91,68.78,1.81
Beijing,China,2023-04-26,126.37,89.57,32.15,20.69,5.21,170.26,-3.81,62.56,19.64
Beijing,China,2023-12-18,88.04,152.59,17.22,14.2,8.22,153.57,-1.49,37.01,12.47
Beijing,China,2023-12-14,107.55,162.86,51.71,21.17,8.9,142.55,15.78,35.48,0.76
Beijing,China,2023-09-24,52.52,121.2,37.12,36.81,3.08,90.37,-9.44,89.01,6.37
Beijing,China,2023-11-08,115.7,144.07,16.19,47.4,6.72,193.25,-7.59,35.67,14.08
Beijing,China,2023-09-24,149.53,176.61,70.94,36.73,3.69,152.05,13.48,29.15,18.15
Beijing,China,2023-01-25,56.0,112.68,16.86,15.62,3.04,25.86,19.42,57.41,10.12
Beijing,China,2023-09-13,52.85,16.38,87.36,10.63,0.79,176.98,14.08,37.61,19.88
Beijing,China,2023-07-17,40.41,37.19,34.25,22.33,7.67,160.11,6.64,50.01,10.04
Beijing,China,2023-03-04,114.42,55.37,26.31,26.59,9.62,91.94,27.87,47.33,15.63
Beijing,China,2023-07-13,109.77,67.8,62.33,29.21,0.54,25.98,-1.89,16.84,17.09
Beijing,China,2023-01-06,27.89,147.57,49.51,8.68,8.09,16.75,0.91,38.38,0.93
Beijing,China,2023-02-08,97.3,100.47,12.42,9.53,5.08,42.64,23.08,88.76,13.23
Beijing,China,2023-10-16,63.61,55.9,12.81,28.73,0.42,20.05,12.78,19.05,10.63
Beijing,China,2023-10-03,146.87,102.79,32.95,35.83,2.87,65.81,38.42,28.21,17.87
Beijing,China,2023-03-27,9.06,112.69,65.98,37.74,5.52,149.69,23.07,10.41,18.6
Beijing,China,2023-06-05,110.93,56.34,23.52,6.19,9.87,81.92,-6.05,83.66,0.63
Beijing,China,2023-08-05,147.78,165.81,83.54,37.31,8.64,185.76,26.67,18.21,4.23
Beijing,China,2023-02-09,71.24,44.44,14.48,10.53,9.83,119.21,8.85,22.9,2.72
Beijing,China,2023-11-18,109.58,60.36,19.87,28.82,2.46,16.92,31.9,20.86,6.09
Beijing,China,2023-08-05,101.82,171.61,41.57,34.54,4.52,59.81,29.69,47.52,10.04
Beijing,China,2023-03-10,132.79,137.85,70.28,30.58,5.39,184.43,32.95,88.48,4.85
Beijing,China,2023-07-22,18.12,121.77,95.48,3.16,9.9,20.16,19.95,94.53,1.84
Beijing,China,2023-03-22,85.54,154.22,92.72,19.17,3.21,65.96,31.71,21.99,14.94
Beijing,China,2023-02-20,68.74,163.11,13.45,20.32,2.95,129.85,4.88,19.98,1.71
Beijing,China,2023-08-09,80.34,180.51,39.19,35.11,2.69,131.36,25.75,13.02,8.53
Beijing,China,2023-03-17,117.24,97.9,46.01,12.42,4.81,67.46,16.18,28.52,15.61
Beijing,China,2023-05-01,29.76,154.4,65.85,24.6,4.71,142.12,33.83,76.88,6.34
Beijing,China,2023-04-05,75.06,148.71,58.41,5.87,8.78,155.6,10.26,47.66,5.51
Beijing,China,2023-12-14,96.72,35.42,38.89,16.85,1.76,50.47,22.5,34.88,12.37
Beijing,China,2023-11-02,60.3,163.77,82.08,40.39,9.99,152.68,28.43,29.77,2.52
Beijing,China,2023-04-15,11.29,65.4,32.62,9.68,1.55,192.21,0.56,10.83,7.9
Beijing,China,2023-04-03,105.58,148.88,95.05,39.39,2.38,170.41,-5.82,29.38,13.34
Beijing,China,2023-08-06,144.25,198.47,37.02,27.8,8.05,188.46,-7.3,88.27,9.51
Beijing,China,2023-12-28,134.09,50.41,54.08,8.91,8.26,78.3,-9.12,24.28,12.91
Beijing,China,2023-08-24,44.17,88.96,80.35,16.65,6.4,54.96,8.94,21.03,16.69
Beijing,China,2023-12-28,60.66,64.08,19.03,21.94,1.45,11.93,1.88,38.8,16.17
Beijing,China,2023-12-04,81.2,138.77,6.22,38.67,2.48,17.66,-7.39,73.92,18.47
Beijing,China,2023-11-24,130.17,55.37,27.16,8.07,7.45,182.29,24.4,50.41,19.05
Beijing,China,2023-04-05,91.61,76.27,28.08,32.49,9.48,199.79,11.83,74.84,16.73
Beijing,China,2023-12-10,101.52,43.88,23.47,37.77,1.35,60.84,18.6,99.74,3.67
Beijing,China,2023-05-06,43.9,113.85,21.76,16.64,4.54,155.58,28.61,44.31,9.2
Beijing,China,2023-06-16,30.24,170.02,61.39,20.0,7.5,129.39,-7.11,39.82,14.44
Beijing,China,2023-03-16,44.23,140.25,31.07,23.83,6.2,181.75,7.28,46.71,6.16
Beijing,China,2023-11-26,18.56,118.68,35.05,21.78,1.45,122.05,15.59,16.84,16.3
Beijing,China,2023-02-11,143.67,42.07,56.74,37.9,5.86,89.17,16.88,31.54,9.05
Beijing,China,2023-07-20,12.57,125.42,57.63,21.65,8.41,15.93,-2.21,22.7,1.56
Beijing,China,2023-05-17,128.81,17.59,78.28,32.4,3.77,145.0,20.4,22.39,15.63
Beijing,China,2023-06-14,73.58,125.79,12.13,20.39,7.16,84.54,36.91,88.48,17.87
Beijing,China,2023-03-08,145.29,77.24,35.86,15.97,1.38,22.04,18.29,17.55,11.23
Beijing,China,2023-12-26,120.43,69.25,21.7,48.61,2.4,194.44,-0.37,99.51,0.99
Beijing,China,2023-03-03,11.25,186.21,85.99,30.2,3.95,115.96,27.97,32.92,10.9
Beijing,China,2023-02-19,106.9,61.44,24.54,26.72,6.6,89.6,39.3,97.69,15.64
Beijing,China,2023-06-03,145.53,70.58,23.58,17.06,8.37,71.28,-6.58,60.84,15.22
Beijing,China,2023-05-26,43.62,110.64,51.14,31.59,4.45,108.34,-9.41,72.97,5.28
Beijing,China,2023-03-23,20.69,29.89,97.22,18.86,9.5,17.6,-4.66,41.65,8.12
Beijing,China,2023-09-17,7.9,132.37,83.21,12.83,2.39,52.86,33.59,22.57,3.88
Beijing,China,2023-04-14,118.17,119.83,29.1,19.36,8.61,148.88,18.96,76.07,15.08
Beijing,China,2023-09-12,48.3,29.42,65.82,41.71,8.07,197.54,24.04,77.41,8.07
Beijing,China,2023-03-02,90.97,108.06,65.82,39.49,2.03,69.47,8.82,93.17,16.53
Beijing,China,2023-01-05,13.34,118.92,22.1,8.88,4.96,147.36,1.76,84.42,17.39
Beijing,China,2023-08-19,57.78,151.9,78.37,10.33,5.11,148.66,-8.6,97.94,5.95
Beijing,China,2023-08-28,42.39,84.15,24.82,45.99,0.41,61.13,9.72,78.62,19.0
Beijing,China,2023-09-25,125.29,141.5,10.9,44.08,6.74,182.6,32.03,48.83,12.94
Beijing,China,2023-11-26,143.44,128.04,80.84,27.83,8.69,112.14,16.0,42.38,4.94
Beijing,China,2023-03-21,28.79,134.75,96.23,12.66,2.82,160.89,29.43,94.1,8.39
Beijing,China,2023-08-17,62.59,38.76,41.47,23.96,1.24,188.31,32.86,74.29,7.87
Beijing,China,2023-02-17,49.6,150.55,31.48,11.35,9.82,167.14,19.45,76.22,8.31
Beijing,China,2023-10-25,26.59,93.29,40.64,29.99,2.93,27.33,25.06,69.84,16.85
Beijing,China,2023-09-05,136.64,98.21,12.67,25.9,9.08,67.5,39.23,77.13,12.31
Beijing,China,2023-05-06,121.04,158.39,54.63,22.38,3.91,128.95,8.87,86.76,17.11
Beijing,China,2023-06-11,101.2,18.57,77.38,20.31,4.12,160.74,-0.9,20.06,4.92
Beijing,China,2023-01-10,136.53,165.29,95.6,7.14,1.44,84.3,5.45,22.29,16.23
Beijing,China,2023-07-18,69.68,78.68,44.83,16.31,0.55,177.91,27.31,50.14,5.49
Beijing,China,2023-05-25,64.58,185.77,33.02,14.06,8.38,164.27,-9.66,78.67,14.38
Beijing,China,2023-12-15,73.19,176.01,16.88,27.45,8.86,198.6,-9.34,15.85,18.36
Beijing,China,2023-08-12,111.92,32.08,7.95,37.45,9.43,45.77,23.68,30.31,5.91
Beijing,China,2023-07-21,137.08,18.38,82.02,45.91,0.56,72.73,29.03,89.8,6.95
Beijing,China,2023-09-14,37.42,38.77,45.95,8.88,1.66,191.66,27.1,58.12,3.36
Beijing,China,2023-09-24,100.11,96.99,74.25,3.54,1.8,11.99,-3.72,94.41,14.59
Beijing,China,2023-04-25,27.25,191.23,92.5,24.51,2.9,106.45,11.96,41.46,14.8
Beijing,China,2023-01-23,88.12,123.9,5.43,16.89,3.92,196.08,-0.87,16.6,12.65
Beijing,China,2023-04-01,118.37,142.9,21.36,48.53,5.05,56.47,28.23,70.48,12.47
Beijing,China,2023-08-23,65.22,165.52,90.11,1.07,7.11,59.75,22.79,61.78,11.72
Beijing,China,2023-12-26,121.03,168.42,91.79,2.47,8.47,194.06,4.63,89.55,5.15
Beijing,China,2023-08-18,82.34,181.61,7.07,1.34,1.26,30.17,10.19,48.2,16.46
Beijing,China,2023-03-11,130.07,62.73,82.35,28.29,0.54,145.24,7.16,70.34,18.38
Beijing,China,2023-06-13,5.1,64.79,68.51,13.84,3.99,14.22,7.68,79.52,4.73
Beijing,China,2023-03-08,109.05,156.42,99.45,31.74,7.08,166.16,20.89,75.21,16.65
Beijing,China,2023-11-25,27.4,31.68,76.65,16.56,4.42,97.29,18.88,11.19,6.44
Beijing,China,2023-02-03,149.98,167.32,41.87,35.3,1.23,105.26,37.39,82.89,2.45
Beijing,China,2023-09-19,136.49,35.55,17.11,38.95,9.21,78.37,-7.85,48.81,16.06
Beijing,China,2023-07-22,134.07,131.17,31.59,24.36,2.94,34.95,5.03,98.78,14.56
Beijing,China,2023-04-23,72.93,80.3,46.52,25.89,0.44,66.23,18.82,70.11,3.08
Beijing,China,2023-03-03,27.12,198.92,19.43,41.53,0.13,124.96,-8.98,59.97,6.63
Beijing,China,2023-01-11,61.01,127.25,5.51,42.33,1.9,114.04,29.97,56.14,1.62
Beijing,China,2023-06-15,87.71,40.46,76.88,10.31,1.46,104.89,32.38,77.74,15.44
Beijing,China,2023-01-22,33.44,57.52,10.02,4.7,6.25,36.45,-6.01,75.57,18.81
Beijing,China,2023-02-01,100.75,29.09,15.08,28.43,2.57,59.57,32.25,66.72,2.64
Beijing,China,2023-11-13,21.41,119.64,89.05,25.73,6.5,49.25,33.13,77.53,16.12
Beijing,China,2023-02-19,5.21,164.0,52.87,33.92,5.67,103.59,19.65,75.95,13.7
Beijing,China,2023-02-03,10.02,59.16,7.36,5.58,7.85,157.03,12.6,58.89,3.23
Beijing,China,2023-03-09,34.46,126.12,97.69,39.1,0.87,115.74,11.3,83.17,8.65
Beijing,China,2023-05-21,141.3,88.49,44.32,6.77,5.57,90.53,-9.98,12.27,10.31
Beijing,China,2023-02-04,93.67,41.8,55.27,34.08,6.59,162.34,-2.02,43.73,6.36
Beijing,China,2023-12-24,50.7,195.63,26.25,20.8,4.65,130.1,-6.44,25.45,16.85
Beijing,China,2023-01-10,87.52,66.87,79.39,1.89,0.86,195.81,30.79,15.77,8.75
Beijing,China,2023-01-03,134.74,28.02,82.44,42.1,2.16,16.92,-2.59,75.92,2.71
Beijing,China,2023-01-02,46.74,110.97,74.84,30.49,7.37,34.36,9.49,55.72,4.38
Beijing,China,2023-02-28,71.58,15.12,40.39,5.92,3.41,24.12,22.74,38.66,9.35
Beijing,China,2023-12-26,128.85,109.46,50.8,3.38,9.99,14.97,6.5,60.34,8.79
Beijing,China,2023-10-01,25.39,175.33,52.28,31.79,4.87,137.92,-1.82,85.89,10.48
Beijing,China,2023-03-24,92.49,54.55,84.05,6.11,5.7,53.29,3.99,71.64,16.72
Beijing,China,2023-04-18,87.82,160.76,79.59,13.03,3.85,180.3,36.25,53.85,3.72
Beijing,China,2023-03-22,5.59,68.46,76.04,13.87,0.86,39.06,11.52,94.46,16.58
Beijing,China,2023-01-21,54.56,178.83,90.13,12.38,6.63,57.54,2.36,70.33,6.48
Beijing,China,2023-01-24,26.56,56.8,70.87,15.83,4.16,153.04,22.57,71.65,6.65
Beijing,China,2023-01-04,97.32,147.52,47.68,4.26,5.06,10.6,-4.69,37.66,15.11
Beijing,China,2023-04-09,103.22,161.99,75.97,14.71,2.51,83.88,-4.04,32.79,13.97
Beijing,China,2023-08-15,50.15,17.52,72.73,38.79,7.97,151.54,11.53,33.78,6.84
Beijing,China,2023-04-11,78.79,73.03,7.21,10.51,6.4,28.75,-0.62,78.42,4.77
Beijing,China,2023-02-27,24.55,155.19,89.46,10.48,9.85,27.49,5.99,30.63,16.01
Beijing,China,2023-09-24,84.21,24.56,53.39,42.37,0.29,30.01,36.22,51.57,16.57
Beijing,China,2023-04-19,147.89,170.4,17.68,10.39,3.86,104.94,8.64,22.86,0.52
Beijing,China,2023-01-22,127.72,93.57,7.73,49.79,6.86,35.57,18.98,56.37,2.51
Beijing,China,2023-09-15,60.59,64.89,61.48,47.76,8.24,85.85,19.18,66.76,7.65
Beijing,China,2023-05-13,113.67,48.71,30.3,23.36,3.28,78.65,4.88,31.5,5.02
Beijing,China,2023-06-17,141.49,24.24,29.46,42.21,9.44,144.07,20.37,35.91,16.74
Beijing,China,2023-04-12,148.01,136.52,11.05,32.75,7.75,137.19,24.52,19.15,2.77
Beijing,China,2023-12-04,50.95,17.77,85.59,45.51,3.26,154.95,27.9,54.61,1.96
Beijing,China,2023-02-23,142.22,55.95,59.76,22.53,6.31,137.44,-7.71,75.38,6.84
Beijing,China,2023-11-05,106.12,199.11,53.41,13.94,6.47,185.16,39.81,64.55,2.73
Beijing,China,2023-03-19,93.45,129.66,88.94,42.65,9.16,168.72,38.77,72.81,3.89
Beijing,China,2023-07-02,85.13,186.88,77.23,9.28,8.08,92.02,1.5,86.56,19.8
Beijing,China,2023-04-05,69.88,141.11,45.41,49.7,8.91,147.39,25.79,90.0,15.24
Beijing,China,2023-08-27,37.82,173.62,40.96,37.58,6.75,97.05,5.18,76.13,16.15
Beijing,China,2023-11-14,103.15,49.45,95.91,7.98,5.65,74.28,-1.41,56.25,18.83
Beijing,China,2023-09-28,32.17,163.67,77.04,30.21,4.2,109.99,21.9,38.69,9.34
Beijing,China,2023-01-07,56.65,125.71,33.05,22.38,6.81,118.99,35.71,59.37,17.55
Beijing,China,2023-08-22,77.54,189.36,25.26,38.07,3.14,35.6,-6.2,30.56,19.67
Beijing,China,2023-08-25,123.2,198.15,32.03,20.29,7.33,124.5,8.39,45.6,8.41
Beijing,China,2023-04-23,115.3,83.73,72.25,13.55,8.41,59.56,-3.57,35.06,9.61
Beijing,China,2023-07-10,141.42,111.56,68.99,5.51,2.42,117.08,31.51,60.09,2.89
Beijing,China,2023-07-21,136.01,151.07,36.61,24.66,0.56,155.69,20.15,99.48,9.67
Beijing,China,2023-07-05,134.89,180.62,53.77,46.04,5.4,11.6,34.78,75.82,13.62
Beijing,China,2023-10-11,104.31,19.75,87.85,9.41,6.41,12.91,-1.79,71.5,14.9
Beijing,China,2023-01-07,27.28,44.77,86.08,45.66,7.73,71.36,5.19,10.57,0.5
Beijing,China,2023-11-17,149.23,135.44,37.68,42.83,2.55,124.81,31.56,99.46,8.59
Beijing,China,2023-08-18,147.46,30.76,28.35,35.68,3.98,116.66,32.26,91.88,14.45
Beijing,China,2023-03-14,95.37,146.18,8.78,39.21,2.11,153.38,30.6,80.52,19.81
Beijing,China,2023-07-07,49.37,87.2,88.01,17.97,3.45,116.14,13.27,46.12,10.47
Beijing,China,2023-09-12,120.46,82.61,29.98,5.28,4.71,47.56,-3.33,31.34,11.63
Beijing,China,2023-06-07,92.19,10.76,79.4,10.14,8.44,147.44,4.79,29.47,3.17
Beijing,China,2023-12-04,110.2,165.38,51.62,21.3,6.76,17.57,24.1,64.45,18.86
Beijing,China,2023-06-24,110.41,113.79,18.41,9.52,9.05,78.58,27.71,65.17,12.68
Beijing,China,2023-11-06,101.59,41.27,45.6,19.84,4.02,88.82,7.32,36.5,6.36
Beijing,China,2023-07-22,9.46,122.43,92.52,15.93,0.73,151.01,12.25,90.4,2.06
Beijing,China,2023-05-22,31.44,55.8,69.49,3.55,5.62,14.78,22.3,80.32,19.81
Beijing,China,2023-10-18,115.13,60.18,75.73,13.32,4.69,63.08,18.95,54.62,17.63
Beijing,China,2023-02-21,5.88,197.15,48.73,7.36,4.73,40.7,-7.33,81.48,1.12
Beijing,China,2023-04-24,98.48,138.47,68.05,10.16,8.75,96.47,-6.76,16.44,7.19
Beijing,China,2023-04-27,96.28,93.44,82.25,45.33,8.41,45.52,37.93,95.65,11.71
Beijing,China,2023-11-26,73.39,98.95,22.17,10.06,4.95,187.07,38.63,54.27,1.19
Beijing,China,2023-06-16,93.9,39.93,41.25,43.2,1.15,104.89,-0.24,54.28,10.21
Beijing,China,2023-06-13,33.91,144.3,14.19,14.03,8.04,34.14,-3.54,76.14,15.03
Beijing,China,2023-06-02,120.37,196.69,43.09,10.85,0.8,71.01,-2.58,63.72,14.6
Beijing,China,2023-08-18,20.06,125.64,74.93,1.33,2.56,154.96,-8.63,30.09,4.02
Beijing,China,2023-03-09,75.39,15.92,22.25,42.8,3.84,81.03,31.78,13.24,1.91
Beijing,China,2023-01-18,125.67,140.64,31.27,32.73,4.08,67.08,17.38,88.88,19.85
Beijing,China,2023-09-08,52.5,41.44,25.0,2.97,0.17,124.71,14.0,99.89,15.54
Beijing,China,2023-02-06,111.69,125.68,5.63,43.1,0.88,168.17,0.92,86.15,13.7
Beijing,China,2023-10-13,111.19,170.93,38.6,11.96,8.17,160.75,-9.76,28.21,11.15
Beijing,China,2023-05-21,45.87,187.48,97.1,34.64,4.06,146.86,-1.64,58.6,8.1
Beijing,China,2023-11-09,95.23,128.93,65.27,30.16,9.35,161.75,11.86,56.82,13.15
Beijing,China,2023-09-06,134.05,37.07,84.85,3.37,4.51,180.24,8.48,50.15,4.62
Beijing,China,2023-09-21,117.4,71.83,40.21,10.79,0.48,163.71,22.88,96.68,9.46
Beijing,China,2023-07-26,106.69,18.72,27.52,39.9,5.26,107.2,-5.2,75.07,16.94
Beijing,China,2023-12-15,104.22,98.29,78.12,18.64,0.89,58.56,-6.85,76.91,8.94
Beijing,China,2023-02-04,137.68,152.02,82.59,23.35,8.18,88.67,28.54,25.56,3.69
Beijing,China,2023-06-13,125.59,41.65,95.88,5.63,8.31,79.93,21.33,93.52,5.64
Beijing,China,2023-08-20,33.32,154.61,79.84,30.0,5.67,103.74,2.47,97.97,14.53
Beijing,China,2023-11-28,128.22,198.59,11.84,41.38,6.53,31.51,37.01,43.78,13.22
Beijing,China,2023-05-17,139.85,20.47,57.11,3.48,0.11,10.44,35.57,83.26,12.38
Beijing,China,2023-12-24,129.82,20.06,14.21,2.81,4.42,166.56,24.32,13.55,3.27
Beijing,China,2023-03-11,104.29,24.15,85.88,27.77,3.56,190.13,12.36,52.8,5.78
Beijing,China,2023-08-04,95.15,62.22,43.96,28.42,7.16,118.34,23.45,15.0,18.37
Beijing,China,2023-07-17,104.15,138.82,57.59,4.42,6.27,34.16,0.78,63.09,11.35
Beijing,China,2023-01-02,78.25,60.7,29.61,40.18,6.21,31.13,16.71,45.8,17.84
Beijing,China,2023-11-27,14.57,112.59,9.5,49.89,4.6,154.25,6.87,56.03,8.3
Beijing,China,2023-10-14,63.68,169.86,50.68,28.33,3.03,193.65,29.54,14.17,5.88
Beijing,China,2023-08-09,8.62,30.91,22.74,47.2,5.63,191.93,0.23,50.21,1.2
Beijing,China,2023-07-19,40.21,191.88,56.22,31.96,0.46,124.45,39.74,91.9,13.2
Beijing,China,2023-01-08,129.95,31.23,89.5,9.9,5.21,87.61,27.74,25.15,5.46
Beijing,China,2023-05-25,132.42,24.47,90.59,46.22,4.09,146.61,16.63,47.01,17.65
Beijing,China,2023-07-07,130.48,121.54,8.85,4.72,9.51,197.52,3.92,41.61,5.33
Beijing,China,2023-05-22,49.19,102.04,32.11,23.16,2.1,81.77,6.19,73.67,8.15
Beijing,China,2023-03-22,57.4,130.76,53.89,47.41,7.15,45.64,-9.78,32.85,12.56
Beijing,China,2023-07-16,37.2,158.12,28.72,4.13,0.99,198.11,24.86,62.17,15.41
Beijing,China,2023-03-16,71.53,128.01,89.12,24.75,5.26,121.63,29.01,11.91,15.77
Beijing,China,2023-04-22,16.73,161.68,22.0,45.17,9.74,32.07,39.88,68.59,11.25
Beijing,China,2023-01-23,64.74,188.33,47.89,49.94,3.88,20.18,10.55,26.46,3.43
Beijing,China,2023-09-27,54.37,17.96,54.57,23.38,6.65,76.8,-3.64,48.96,1.19
Beijing,China,2023-02-19,60.16,39.97,72.11,2.03,4.1,39.8,-4.52,35.59,1.36
Beijing,China,2023-09-25,34.96,41.92,72.54,28.37,3.41,14.39,10.34,82.23,8.67
Beijing,China,2023-06-18,148.76,137.43,40.56,41.51,9.17,184.71,-3.02,12.29,9.21
Beijing,China,2023-02-27,100.48,71.67,61.77,30.43,9.94,39.51,21.66,43.32,2.18
Beijing,China,2023-06-22,98.06,14.48,89.82,30.02,2.68,46.05,-5.98,14.24,15.86
Beijing,China,2023-05-26,34.8,64.95,12.19,36.87,4.89,60.53,-4.13,38.76,17.02
Beijing,China,2023-09-07,80.03,36.26,54.0,21.31,7.12,108.62,30.71,24.44,11.69
Beijing,China,2023-02-25,61.19,23.94,53.84,8.87,9.15,175.31,33.11,37.55,3.7
Beijing,China,2023-10-21,56.16,100.72,21.74,49.5,4.95,120.56,2.85,75.45,13.56
Beijing,China,2023-03-03,103.77,17.14,99.82,36.29,5.77,31.65,28.39,17.41,2.92
Beijing,China,2023-03-07,100.19,10.16,74.82,39.88,6.81,176.9,32.85,17.65,9.53
Beijing,China,2023-05-03,82.64,35.54,24.02,38.19,4.92,129.3,19.59,27.7,2.97
Beijing,China,2023-01-08,93.43,19.28,48.08,42.72,4.48,14.95,34.06,89.15,17.3
Beijing,China,2023-12-09,114.81,47.15,22.32,12.5,9.04,84.67,6.87,32.55,14.48
Beijing,China,2023-05-10,7.3,76.03,18.7,32.45,6.58,64.88,20.72,64.77,16.95
Beijing,China,2023-02-07,48.88,74.2,96.65,25.64,5.85,130.48,28.61,68.65,16.74
Beijing,China,2023-01-24,36.78,160.38,74.85,13.56,0.85,194.34,26.97,40.72,19.67
Beijing,China,2023-11-05,91.74,26.01,15.82,8.86,3.33,107.98,18.38,53.52,17.88
Beijing,China,2023-08-21,148.05,35.6,67.35,26.85,2.04,117.07,-8.42,33.86,17.43
Beijing,China,2023-11-09,63.75,101.1,7.69,27.15,9.69,90.32,-8.63,23.43,5.48
Beijing,China,2023-06-01,55.52,88.06,33.28,26.34,0.62,42.09,0.56,70.82,12.23
Beijing,China,2023-05-20,9.67,131.9,74.23,19.12,2.72,97.08,0.78,66.85,1.49
Beijing,China,2023-03-24,93.88,157.66,70.44,36.4,8.35,172.39,-4.15,66.09,18.61
Beijing,China,2023-03-19,114.15,190.3,48.98,47.82,7.63,17.01,-9.87,42.25,2.02
Beijing,China,2023-09-26,24.42,27.61,80.87,7.9,8.81,178.55,-6.79,76.42,17.46
Beijing,China,2023-02-25,7.6,196.59,9.5,20.82,0.54,166.83,-4.26,91.87,19.01
Beijing,China,2023-03-04,24.67,16.38,54.06,23.47,3.87,169.69,-5.07,94.23,1.73
Beijing,China,2023-05-22,55.01,127.8,91.09,1.94,5.76,171.33,36.33,98.17,9.73
Beijing,China,2023-10-02,52.15,27.14,15.44,14.08,3.35,131.73,-6.09,46.01,4.4
Beijing,China,2023-10-14,45.14,37.19,36.57,21.77,3.34,192.67,39.97,15.48,9.27
Beijing,China,2023-11-24,85.65,103.2,93.41,33.43,5.95,190.17,16.84,82.18,13.15
Beijing,China,2023-04-06,100.29,77.47,69.51,27.12,4.93,160.08,33.88,15.11,11.8
Beijing,China,2023-08-07,7.96,11.0,41.37,22.04,8.96,99.41,-5.04,41.01,11.7
Beijing,China,2023-10-19,78.02,13.84,41.82,48.82,0.96,78.05,10.53,97.11,19.99
Beijing,China,2023-04-09,143.31,172.3,55.85,49.03,2.94,109.48,-5.93,68.34,15.35
Beijing,China,2023-09-01,99.54,132.13,48.01,36.05,5.44,80.44,0.99,10.95,11.16
Beijing,China,2023-01-17,18.45,111.33,36.23,17.15,8.24,48.51,34.68,50.15,5.75
Beijing,China,2023-05-10,66.78,164.26,88.24,37.28,5.31,59.26,18.39,11.31,9.43
Beijing,China,2023-01-02,87.81,10.42,55.72,43.98,3.24,35.99,-4.04,77.73,6.78
Beijing,China,2023-12-04,140.69,22.72,64.24,20.26,4.32,126.61,14.02,11.8,10.38
Beijing,China,2023-10-15,109.94,22.29,73.01,2.39,1.76,99.74,39.46,87.23,8.92
Beijing,China,2023-10-04,116.1,41.62,31.3,19.58,9.07,175.14,-1.72,24.73,1.56
Beijing,China,2023-08-26,132.55,118.92,62.0,39.99,7.84,172.77,19.55,81.34,5.78
Beijing,China,2023-11-08,19.21,194.36,93.75,15.48,3.44,191.55,5.98,90.34,14.57
Beijing,China,2023-08-04,142.02,117.14,53.72,7.04,9.63,109.72,5.95,51.45,17.97
Beijing,China,2023-06-20,142.26,55.56,40.04,25.71,8.86,179.36,35.78,95.04,15.18
Beijing,China,2023-09-20,28.02,146.12,9.11,15.44,7.65,106.19,0.15,56.28,5.58
Beijing,China,2023-11-19,66.7,59.68,58.59,40.54,0.84,54.07,27.86,42.47,0.8
Beijing,China,2023-08-20,36.82,178.11,78.62,24.29,2.22,190.15,-7.4,71.52,18.79
Beijing,China,2023-11-22,144.31,152.63,24.04,44.94,7.58,104.18,5.88,21.11,17.65
Beijing,China,2023-01-24,62.31,169.48,10.56,17.94,9.53,44.44,17.13,15.13,4.63
Beijing,China,2023-02-01,19.03,75.3,57.95,5.63,8.05,184.0,23.85,91.48,1.14
Beijing,China,2023-01-10,22.67,25.9,8.56,10.67,9.43,37.84,35.15,83.55,8.93
Beijing,China,2023-02-23,112.42,180.93,27.48,1.94,6.38,179.17,13.87,51.59,12.07
Beijing,China,2023-02-03,95.37,19.18,70.18,48.11,2.99,23.32,17.06,84.69,6.04
Beijing,China,2023-08-26,10.66,11.49,18.7,1.68,8.53,47.57,-8.47,26.08,12.51
Beijing,China,2023-08-23,82.61,122.62,34.0,14.74,1.95,182.76,30.15,86.84,5.8
Beijing,China,2023-10-18,148.88,146.9,48.83,42.41,8.91,160.77,-9.46,63.98,14.86
Beijing,China,2023-08-02,145.74,160.02,32.05,35.33,2.59,49.49,19.45,79.74,19.37